bus_id,tipo,v_min_pu,v_max_pu,P0_MW,Q0_MVAR,P0_pu,Q0_pu,customer_type
1,slack,1.0,1.0,0.0,0.0,0.0,0.0,none
2,load,0.9,1.1,0.1,0.06,0.01,0.006,regulados
3,load,0.9,1.1,0.09,0.04,0.009,0.004,regulados
4,load,0.9,1.1,0.12,0.08,0.012,0.008,regulados
5,load,0.9,1.1,0.06,0.03,0.006,0.003,regulados
6,load,0.9,1.1,0.06,0.02,0.006,0.002,regulados
7,load,0.9,1.1,0.2,0.1,0.02,0.01,regulados
8,load,0.9,1.1,0.2,0.1,0.02,0.01,regulados
9,load,0.9,1.1,0.06,0.02,0.006,0.002,regulados
10,load,0.9,1.1,0.06,0.02,0.006,0.002,regulados
11,load,0.9,1.1,0.045,0.03,0.0045,0.003,regulados
12,load,0.9,1.1,0.06,0.035,0.006,0.0035000000000000005,regulados
13,load,0.9,1.1,0.06,0.035,0.006,0.0035000000000000005,regulados
14,load,0.9,1.1,0.12,0.08,0.012,0.008,regulados
15,load,0.9,1.1,0.06,0.01,0.006,0.001,regulados
16,load,0.9,1.1,0.06,0.02,0.006,0.002,regulados
17,load,0.9,1.1,0.06,0.02,0.006,0.002,regulados
18,load,0.9,1.1,0.09,0.04,0.009,0.004,regulados
19,load,0.9,1.1,0.09,0.04,0.009,0.004,pequenas
20,load,0.9,1.1,0.09,0.04,0.009,0.004,pequenas
21,load,0.9,1.1,0.09,0.04,0.009,0.004,pequenas
22,load,0.9,1.1,0.09,0.04,0.009,0.004,pequenas
23,load,0.9,1.1,0.09,0.05,0.009,0.005,regulados
24,load,0.9,1.1,0.42,0.2,0.041999999999999996,0.02,grandes
25,load,0.9,1.1,0.42,0.2,0.041999999999999996,0.02,grandes
26,load,0.9,1.1,0.06,0.025,0.006,0.0025,regulados
27,load,0.9,1.1,0.06,0.025,0.006,0.0025,regulados
28,load,0.9,1.1,0.06,0.02,0.006,0.002,regulados
29,load,0.9,1.1,0.12,0.07,0.012,0.007000000000000001,regulados
30,load,0.9,1.1,0.2,0.6,0.02,0.06,grandes
31,load,0.9,1.1,0.15,0.07,0.015,0.007000000000000001,grandes
32,load,0.9,1.1,0.21,0.1,0.020999999999999998,0.01,grandes
33,load,0.9,1.1,0.06,0.04,0.006,0.004,regulados
