t,Enero,Febrero,Marzo,Abril,Mayo,Junio,Julio,Agosto,Septiembre,Octubre,Noviembre,Diciembre
1,0.0,0.0,0.0,0.0,0.0,0.0,0.0,0.0,0.0,0.0,0.0,0.0
2,0.0,0.0,0.0,0.0,0.0,0.0,0.0,0.0,0.0,0.0,0.0,0.0
3,0.0,0.0,0.0,0.0,0.0,0.0,0.0,0.0,0.0,0.0,0.0,0.0
4,0.0,0.0,0.0,0.0,0.0,0.0,0.0,0.0,0.0,0.0,0.0,0.0
5,0.0,0.0,0.0,0.0,0.0,0.0,0.0,0.0,0.0,0.0,0.0,0.0
6,0.0,0.0,0.0,0.0,0.0,0.0,0.0,0.0,0.0,0.0,0.0,0.0
7,0.0,0.0,0.0,0.0,0.0,0.0,0.0,0.0,0.0,0.0,0.0023,0.0014
8,0.032,0.0179,0.0168,0.0061,0.0,0.0,0.0,0.0008,0.0445,0.0875,0.095,0.0638
9,0.2127,0.1931,0.2165,0.221,0.2064,0.1687,0.1585,0.1961,0.2694,0.315,0.3164,0.2621
10,0.4154,0.3988,0.431,0.4333,0.4209,0.3823,0.3814,0.4199,0.481,0.5173,0.5114,0.4557
11,0.5732,0.5553,0.597,0.5914,0.5751,0.5377,0.5379,0.5782,0.6357,0.6628,0.6537,0.6078
12,0.6813,0.6743,0.7064,0.691,0.6721,0.6341,0.6468,0.6838,0.7405,0.7646,0.7519,0.7105
13,0.7553,0.7522,0.7822,0.7498,0.7272,0.6849,0.7001,0.7353,0.769,0.8131,0.7985,0.7661
14,0.7703,0.7704,0.7985,0.7601,0.7342,0.6966,0.7204,0.7493,0.8022,0.8116,0.7917,0.767
15,0.7289,0.7342,0.7573,0.7143,0.6894,0.6553,0.6908,0.719,0.7569,0.7482,0.7318,0.7103
16,0.6255,0.6436,0.663,0.6102,0.5894,0.5693,0.5894,0.6264,0.6509,0.6327,0.6182,0.6057
17,0.4838,0.5014,0.5203,0.4586,0.4359,0.4224,0.4473,0.4784,0.4892,0.4625,0.4524,0.4577
18,0.3029,0.3133,0.3153,0.2613,0.2328,0.2289,0.2569,0.2751,0.2729,0.2464,0.2428,0.2675
19,0.1039,0.1129,0.0967,0.032,0.0,0.0,0.0003,0.0254,0.0481,0.0375,0.0413,0.0685
20,0.0074,0.0025,0.0,0.0,0.0,0.0,0.0,0.0,0.0,0.0,0.0,0.0028
21,0.0,0.0,0.0,0.0,0.0,0.0,0.0,0.0,0.0,0.0,0.0,0.0
22,0.0,0.0,0.0,0.0,0.0,0.0,0.0,0.0,0.0,0.0,0.0,0.0
23,0.0,0.0,0.0,0.0,0.0,0.0,0.0,0.0,0.0,0.0,0.0,0.0
24,0.0,0.0,0.0,0.0,0.0,0.0,0.0,0.0,0.0,0.0,0.0,0.0
