periodo_t,hora,lambda_regulados,lambda_pequenas,lambda_grandes
1,0,0.827,0.9785,1.0036
2,1,0.7174,0.971,0.9981
3,2,0.6515,0.9527,0.9998
4,3,0.6161,0.9332,0.9923
5,4,0.6019,0.92,0.9897
6,5,0.6266,0.9176,1.0057
7,6,0.7433,0.9411,1.0157
8,7,0.8751,1.017,1.0083
9,8,0.9647,1.1181,0.9916
10,9,1.0646,1.1773,1.0062
11,10,1.1363,1.2129,0.9906
12,11,1.1806,1.2245,0.9854
13,12,1.1992,1.2039,0.9914
14,13,1.1926,1.189,1.0138
15,14,1.1792,1.1717,1.0144
16,15,1.1411,1.1405,1.009
17,16,1.0824,1.0762,1.0126
18,17,1.0847,0.9511,0.9939
19,18,1.2073,0.8233,0.9833
20,19,1.2572,0.8003,0.9763
21,20,1.2452,0.769,0.9837
22,21,1.21,0.728,0.9892
23,22,1.1483,0.8528,1.0186
24,23,1.0478,0.9303,1.0267
