periodo_t,hora,P_MW_regulados,P_MW_pequenas,P_MW_grandes
1,0,3213.62,1584.76,3994.69
2,1,2787.82,1572.52,3972.92
3,2,2531.73,1543.02,3979.84
4,3,2394.3,1511.31,3949.97
5,4,2338.77,1490.0,3939.38
6,5,2434.8,1486.09,4003.1
7,6,2888.43,1524.25,4043.02
8,7,3400.42,1647.09,4013.59
9,8,3748.83,1810.79,3946.83
10,9,4136.8,1906.72,4005.31
11,10,4415.47,1964.44,3942.92
12,11,4587.86,1983.19,3922.3
13,12,4659.97,1949.79,3946.4
14,13,4634.33,1925.58,4035.36
15,14,4582.11,1897.64,4037.72
16,15,4434.36,1847.18,4016.25
17,16,4206.08,1742.93,4030.51
18,17,4215.14,1540.38,3956.32
19,18,4691.59,1333.44,3914.03
20,19,4885.57,1296.07,3886.07
21,20,4838.85,1245.38,3915.65
22,21,4702.02,1178.98,3937.26
23,22,4462.06,1381.18,4054.33
24,23,4071.56,1506.68,4086.85
